{"flutter":{"platforms":{"android":{"default":{"projectId":"for-flutter-pro","appId":"1:333250834468:android:913c109ee98e019f03e8b1","fileOutput":"android/app/google-services.json"}},"dart":{"lib/firebase_options.dart":{"projectId":"for-flutter-pro","configurations":{"android":"1:333250834468:android:913c109ee98e019f03e8b1","ios":"1:333250834468:ios:39756450514a4b8203e8b1","macos":"1:333250834468:ios:39756450514a4b8203e8b1","web":"1:333250834468:web:75cc424c8f508f7703e8b1","windows":"1:333250834468:web:670a96007d65764d03e8b1"}}}}}}