{
  "project_info": {
    "project_number": "333250834468",
    "project_id": "for-flutter-pro",
    "storage_bucket": "for-flutter-pro.firebasestorage.app"
  },
  "client": [
    {
      "client_info": {
        "mobilesdk_app_id": "1:333250834468:android:913c109ee98e019f03e8b1",
        "android_client_info": {
          "package_name": "com.example.untitled13"
        }
      },
      "oauth_client": [],
      "api_key": [
        {
          "current_key": "AIzaSyCP6q0mG1aLIw4jzJtE-iCha0lVj7Ife8c"
        }
      ],
      "services": {
        "appinvite_service": {
          "other_platform_oauth_client": []
        }
      }
    }
  ],
  "configuration_version": "1"
}